<configuration>
    <appender name="FILE" class="ch.qos.logback.core.FileAppender">
        <file>logs/app.log</file>
        <encoder>
            <pattern>%d{yyyy-MM-dd HH:mm:ss} %3level %logger{36} - %msg%n</pattern>
        </encoder>
    </appender>
    <appender name="CONSOLE" class="ch.qos.logback.core.ConsoleAppender">
        <encoder>
            <pattern>%d{yyyy-MM-dd HH:mm:ss} %3level %logger{36} - %msg%n</pattern>
        </encoder>
    </appender>
    <root level="info">
        <appender-ref ref="CONSOLE"/>
        <appender-ref ref="FILE"/>
    </root>
</configuration>
